optimizer,η,λ,α2,α3,validloss
RMSProp,0.0005,0.0,3,5,0.6640125
RMSProp,0.0001,0.0,3,8,0.66614205
Adam,0.0001,0.0,5,5,0.66635513
